-- phpMyAdmin SQL Dump
-- version 4.5.1
-- http://www.phpmyadmin.net
--
-- Host: 127.0.0.1
-- Generation Time: May 02, 2017 at 01:35 AM
-- Server version: 10.1.13-MariaDB
-- PHP Version: 7.0.5

SET SQL_MODE = "NO_AUTO_VALUE_ON_ZERO";
SET time_zone = "+00:00";


/*!40101 SET @OLD_CHARACTER_SET_CLIENT=@@CHARACTER_SET_CLIENT */;
/*!40101 SET @OLD_CHARACTER_SET_RESULTS=@@CHARACTER_SET_RESULTS */;
/*!40101 SET @OLD_COLLATION_CONNECTION=@@COLLATION_CONNECTION */;
/*!40101 SET NAMES utf8mb4 */;

--
-- Database: `takearound`
--

-- --------------------------------------------------------

--
-- Table structure for table `car`
--

CREATE TABLE `car` (
  `car_id` int(100) NOT NULL,
  `owner` int(100) NOT NULL,
  `car_name` varchar(100) NOT NULL,
  `car_model` varchar(100) NOT NULL,
  `car_color` varchar(100) NOT NULL,
  `car_details` varchar(5000) NOT NULL,
  `car_rent` varchar(100) NOT NULL,
  `car_picture` varchar(5000) NOT NULL,
  `city` varchar(100) NOT NULL,
  `time` date NOT NULL
) ENGINE=InnoDB DEFAULT CHARSET=latin1;

--
-- Dumping data for table `car`
--

INSERT INTO `car` (`car_id`, `owner`, `car_name`, `car_model`, `car_color`, `car_details`, `car_rent`, `car_picture`, `city`, `time`) VALUES
(8, 23, 'Marcides', 'c180', 'white', 'Lorem ipsum dolor sit amet, consectetur adipisicing elit. Commodi totam explicabo temporibus asperiores optio maxime, et recusandae repellat omnis maiores cum praesentium corrupti magni assumenda quam ipsam dignissimos, sunt repellendus.', '50', 'seat-ibiza-5.jpg', '10th of Ramadan', '2017-05-01'),
(9, 23, 'BMW', '220', 'black', 'Lorem ipsum dolor sit amet, consectetur adipisicing elit. Commodi totam explicabo temporibus asperiores optio maxime, et recusandae repellat omnis maiores cum praesentium corrupti magni assumenda quam ipsam dignissimos, sunt repellendus.', '40', 'seat-ibiza-black-2.jpg', '10th of Ramadan', '2017-05-01'),
(10, 23, 'Elentra', 'verna', 'red', 'Lorem ipsum dolor sit amet, consectetur adipisicing elit. Commodi totam explicabo temporibus asperiores optio maxime, et recusandae repellat omnis maiores cum praesentium corrupti magni assumenda quam ipsam dignissimos, sunt repellendus.', '80', 'Seat-Ibiza-SC-Trophy-729x486-ef27de2c11be4ee5.jpg', '10th of Ramadan', '2017-05-01'),
(11, 23, 'Marcides', 'c180', 'white', 'Lorem ipsum dolor sit amet, consectetur adipisicing elit. Commodi totam explicabo temporibus asperiores optio maxime, et recusandae repellat omnis maiores cum praesentium corrupti magni assumenda quam ipsam dignissimos, sunt repellendus.', '80', 'seat-ibiza-5.jpg', '6th of October', '2017-05-01'),
(13, 23, 'BMW', '220', 'black', 'Lorem ipsum dolor sit amet, consectetur adipisicing elit. Commodi totam explicabo temporibus asperiores optio maxime, et recusandae repellat omnis maiores cum praesentium corrupti magni assumenda quam ipsam dignissimos, sunt repellendus.', '50', 'seat-ibiza-black-2.jpg', '6th of October', '2017-05-01'),
(14, 23, 'Elentra', 'verna', 'red', 'Lorem ipsum dolor sit amet, consectetur adipisicing elit. Commodi totam explicabo temporibus asperiores optio maxime, et recusandae repellat omnis maiores cum praesentium corrupti magni assumenda quam ipsam dignissimos, sunt repellendus.', '30', 'Seat-Ibiza-SC-Trophy-729x486-ef27de2c11be4ee5.jpg', '6th of October', '2017-05-01'),
(15, 23, 'Marcides', 'c180', 'white', 'Lorem ipsum dolor sit amet, consectetur adipisicing elit. Commodi totam explicabo temporibus asperiores optio maxime, et recusandae repellat omnis maiores cum praesentium corrupti magni assumenda quam ipsam dignissimos, sunt repellendus.', '50', 'seat-ibiza-5.jpg', 'Alexandria', '2017-05-01'),
(16, 23, 'BMW', '220', 'black', 'Lorem ipsum dolor sit amet, consectetur adipisicing elit. Commodi totam explicabo temporibus asperiores optio maxime, et recusandae repellat omnis maiores cum praesentium corrupti magni assumenda quam ipsam dignissimos, sunt repellendus.', '40', 'seat-ibiza-black-2.jpg', 'Alexandria', '2017-05-01'),
(17, 23, 'Elentra', 'verna', 'red', 'Lorem ipsum dolor sit amet, consectetur adipisicing elit. Commodi totam explicabo temporibus asperiores optio maxime, et recusandae repellat omnis maiores cum praesentium corrupti magni assumenda quam ipsam dignissimos, sunt repellendus.', '80', 'Seat-Ibiza-SC-Trophy-729x486-ef27de2c11be4ee5.jpg', 'Alexandria', '2017-05-01'),
(18, 23, 'Marcides', 'c180', 'white', 'Lorem ipsum dolor sit amet, consectetur adipisicing elit. Commodi totam explicabo temporibus asperiores optio maxime, et recusandae repellat omnis maiores cum praesentium corrupti magni assumenda quam ipsam dignissimos, sunt repellendus.', '80', 'seat-ibiza-5.jpg', 'Aswan', '2017-05-01'),
(19, 23, 'BMW', '220', 'black', 'Lorem ipsum dolor sit amet, consectetur adipisicing elit. Commodi totam explicabo temporibus asperiores optio maxime, et recusandae repellat omnis maiores cum praesentium corrupti magni assumenda quam ipsam dignissimos, sunt repellendus.', '50', 'seat-ibiza-black-2.jpg', 'Aswan', '2017-05-01'),
(20, 23, 'Elentra', 'verna', 'red', 'Lorem ipsum dolor sit amet, consectetur adipisicing elit. Commodi totam explicabo temporibus asperiores optio maxime, et recusandae repellat omnis maiores cum praesentium corrupti magni assumenda quam ipsam dignissimos, sunt repellendus.', '30', 'Seat-Ibiza-SC-Trophy-729x486-ef27de2c11be4ee5.jpg', 'Aswan', '2017-05-01'),
(21, 23, 'Marcides', 'c180', 'white', 'Lorem ipsum dolor sit amet, consectetur adipisicing elit. Commodi totam explicabo temporibus asperiores optio maxime, et recusandae repellat omnis maiores cum praesentium corrupti magni assumenda quam ipsam dignissimos, sunt repellendus.', '50', 'seat-ibiza-5.jpg', 'Asyut', '2017-05-01'),
(22, 23, 'BMW', '220', 'black', 'Lorem ipsum dolor sit amet, consectetur adipisicing elit. Commodi totam explicabo temporibus asperiores optio maxime, et recusandae repellat omnis maiores cum praesentium corrupti magni assumenda quam ipsam dignissimos, sunt repellendus.', '40', 'seat-ibiza-black-2.jpg', 'Asyut', '2017-05-01'),
(23, 23, 'Elentra', 'verna', 'red', 'Lorem ipsum dolor sit amet, consectetur adipisicing elit. Commodi totam explicabo temporibus asperiores optio maxime, et recusandae repellat omnis maiores cum praesentium corrupti magni assumenda quam ipsam dignissimos, sunt repellendus.', '80', 'Seat-Ibiza-SC-Trophy-729x486-ef27de2c11be4ee5.jpg', 'Asyut', '2017-05-01'),
(24, 23, 'Marcides', 'c180', 'white', 'Lorem ipsum dolor sit amet, consectetur adipisicing elit. Commodi totam explicabo temporibus asperiores optio maxime, et recusandae repellat omnis maiores cum praesentium corrupti magni assumenda quam ipsam dignissimos, sunt repellendus.', '80', 'seat-ibiza-5.jpg', 'Banha', '2017-05-01'),
(25, 23, 'BMW', '220', 'black', 'Lorem ipsum dolor sit amet, consectetur adipisicing elit. Commodi totam explicabo temporibus asperiores optio maxime, et recusandae repellat omnis maiores cum praesentium corrupti magni assumenda quam ipsam dignissimos, sunt repellendus.', '50', 'seat-ibiza-black-2.jpg', 'Banha', '2017-05-01'),
(26, 23, 'Elentra', 'verna', 'red', 'Lorem ipsum dolor sit amet, consectetur adipisicing elit. Commodi totam explicabo temporibus asperiores optio maxime, et recusandae repellat omnis maiores cum praesentium corrupti magni assumenda quam ipsam dignissimos, sunt repellendus.', '30', 'Seat-Ibiza-SC-Trophy-729x486-ef27de2c11be4ee5.jpg', 'Banha', '2017-05-01'),
(27, 23, 'Marcides', 'c180', 'white', 'Lorem ipsum dolor sit amet, consectetur adipisicing elit. Commodi totam explicabo temporibus asperiores optio maxime, et recusandae repellat omnis maiores cum praesentium corrupti magni assumenda quam ipsam dignissimos, sunt repellendus.', '50', 'seat-ibiza-5.jpg', 'Beni Suef', '2017-05-01'),
(28, 23, 'BMW', '220', 'black', 'Lorem ipsum dolor sit amet, consectetur adipisicing elit. Commodi totam explicabo temporibus asperiores optio maxime, et recusandae repellat omnis maiores cum praesentium corrupti magni assumenda quam ipsam dignissimos, sunt repellendus.', '40', 'seat-ibiza-black-2.jpg', 'Beni Suef', '2017-05-01'),
(29, 23, 'Elentra', 'verna', 'red', 'Lorem ipsum dolor sit amet, consectetur adipisicing elit. Commodi totam explicabo temporibus asperiores optio maxime, et recusandae repellat omnis maiores cum praesentium corrupti magni assumenda quam ipsam dignissimos, sunt repellendus.', '80', 'Seat-Ibiza-SC-Trophy-729x486-ef27de2c11be4ee5.jpg', 'Beni Suef', '2017-05-01'),
(30, 23, 'Marcides', 'c180', 'white', 'Lorem ipsum dolor sit amet, consectetur adipisicing elit. Commodi totam explicabo temporibus asperiores optio maxime, et recusandae repellat omnis maiores cum praesentium corrupti magni assumenda quam ipsam dignissimos, sunt repellendus.', '80', 'seat-ibiza-5.jpg', 'Cairo', '2017-05-01'),
(31, 23, 'BMW', '220', 'black', 'Lorem ipsum dolor sit amet, consectetur adipisicing elit. Commodi totam explicabo temporibus asperiores optio maxime, et recusandae repellat omnis maiores cum praesentium corrupti magni assumenda quam ipsam dignissimos, sunt repellendus.', '50', 'seat-ibiza-black-2.jpg', 'Cairo', '2017-05-01'),
(32, 23, 'Elentra', 'verna', 'red', 'Lorem ipsum dolor sit amet, consectetur adipisicing elit. Commodi totam explicabo temporibus asperiores optio maxime, et recusandae repellat omnis maiores cum praesentium corrupti magni assumenda quam ipsam dignissimos, sunt repellendus.', '30', 'Seat-Ibiza-SC-Trophy-729x486-ef27de2c11be4ee5.jpg', 'Cairo', '2017-05-01'),
(33, 23, 'Marcides', 'c180', 'white', 'Lorem ipsum dolor sit amet, consectetur adipisicing elit. Commodi totam explicabo temporibus asperiores optio maxime, et recusandae repellat omnis maiores cum praesentium corrupti magni assumenda quam ipsam dignissimos, sunt repellendus.', '50', 'seat-ibiza-5.jpg', 'Damanhur', '2017-05-01'),
(34, 23, 'BMW', '220', 'black', 'Lorem ipsum dolor sit amet, consectetur adipisicing elit. Commodi totam explicabo temporibus asperiores optio maxime, et recusandae repellat omnis maiores cum praesentium corrupti magni assumenda quam ipsam dignissimos, sunt repellendus.', '40', 'seat-ibiza-black-2.jpg', 'Damanhur', '2017-05-01'),
(35, 23, 'Elentra', 'verna', 'red', 'Lorem ipsum dolor sit amet, consectetur adipisicing elit. Commodi totam explicabo temporibus asperiores optio maxime, et recusandae repellat omnis maiores cum praesentium corrupti magni assumenda quam ipsam dignissimos, sunt repellendus.', '80', 'Seat-Ibiza-SC-Trophy-729x486-ef27de2c11be4ee5.jpg', 'Damanhur', '2017-05-01'),
(36, 23, 'Marcides', 'c180', 'white', 'Lorem ipsum dolor sit amet, consectetur adipisicing elit. Commodi totam explicabo temporibus asperiores optio maxime, et recusandae repellat omnis maiores cum praesentium corrupti magni assumenda quam ipsam dignissimos, sunt repellendus.', '80', 'seat-ibiza-5.jpg', 'Damietta', '2017-05-01'),
(37, 23, 'BMW', '220', 'black', 'Lorem ipsum dolor sit amet, consectetur adipisicing elit. Commodi totam explicabo temporibus asperiores optio maxime, et recusandae repellat omnis maiores cum praesentium corrupti magni assumenda quam ipsam dignissimos, sunt repellendus.', '50', 'seat-ibiza-black-2.jpg', 'Damietta', '2017-05-01'),
(38, 23, 'Elentra', 'verna', 'red', 'Lorem ipsum dolor sit amet, consectetur adipisicing elit. Commodi totam explicabo temporibus asperiores optio maxime, et recusandae repellat omnis maiores cum praesentium corrupti magni assumenda quam ipsam dignissimos, sunt repellendus.', '30', 'Seat-Ibiza-SC-Trophy-729x486-ef27de2c11be4ee5.jpg', 'Damietta', '2017-05-01'),
(39, 23, 'Marcides', 'c180', 'white', 'Lorem ipsum dolor sit amet, consectetur adipisicing elit. Commodi totam explicabo temporibus asperiores optio maxime, et recusandae repellat omnis maiores cum praesentium corrupti magni assumenda quam ipsam dignissimos, sunt repellendus.', '50', 'seat-ibiza-5.jpg', 'El Arish', '2017-05-01'),
(40, 23, 'BMW', '220', 'black', 'Lorem ipsum dolor sit amet, consectetur adipisicing elit. Commodi totam explicabo temporibus asperiores optio maxime, et recusandae repellat omnis maiores cum praesentium corrupti magni assumenda quam ipsam dignissimos, sunt repellendus.', '40', 'seat-ibiza-black-2.jpg', 'El Arish', '2017-05-01'),
(41, 23, 'Elentra', 'verna', 'red', 'Lorem ipsum dolor sit amet, consectetur adipisicing elit. Commodi totam explicabo temporibus asperiores optio maxime, et recusandae repellat omnis maiores cum praesentium corrupti magni assumenda quam ipsam dignissimos, sunt repellendus.', '80', 'Seat-Ibiza-SC-Trophy-729x486-ef27de2c11be4ee5.jpg', 'El Arish', '2017-05-01'),
(42, 23, 'Marcides', 'c180', 'white', 'Lorem ipsum dolor sit amet, consectetur adipisicing elit. Commodi totam explicabo temporibus asperiores optio maxime, et recusandae repellat omnis maiores cum praesentium corrupti magni assumenda quam ipsam dignissimos, sunt repellendus.', '50', 'seat-ibiza-5.jpg', 'El Mahalla El Kubra', '2017-05-01'),
(43, 23, 'BMW', '220', 'black', 'Lorem ipsum dolor sit amet, consectetur adipisicing elit. Commodi totam explicabo temporibus asperiores optio maxime, et recusandae repellat omnis maiores cum praesentium corrupti magni assumenda quam ipsam dignissimos, sunt repellendus.', '40', 'seat-ibiza-black-2.jpg', 'El Mahalla El Kubra', '2017-05-01'),
(44, 23, 'Elentra', 'verna', 'red', 'Lorem ipsum dolor sit amet, consectetur adipisicing elit. Commodi totam explicabo temporibus asperiores optio maxime, et recusandae repellat omnis maiores cum praesentium corrupti magni assumenda quam ipsam dignissimos, sunt repellendus.', '80', 'Seat-Ibiza-SC-Trophy-729x486-ef27de2c11be4ee5.jpg', 'El Mahalla El Kubra', '2017-05-01'),
(45, 23, 'Marcides', 'c180', 'white', 'Lorem ipsum dolor sit amet, consectetur adipisicing elit. Commodi totam explicabo temporibus asperiores optio maxime, et recusandae repellat omnis maiores cum praesentium corrupti magni assumenda quam ipsam dignissimos, sunt repellendus.', '80', 'seat-ibiza-5.jpg', 'El Tor', '2017-05-01'),
(46, 23, 'BMW', '220', 'black', 'Lorem ipsum dolor sit amet, consectetur adipisicing elit. Commodi totam explicabo temporibus asperiores optio maxime, et recusandae repellat omnis maiores cum praesentium corrupti magni assumenda quam ipsam dignissimos, sunt repellendus.', '50', 'seat-ibiza-black-2.jpg', 'El Tor', '2017-05-01'),
(47, 23, 'Elentra', 'verna', 'red', 'Lorem ipsum dolor sit amet, consectetur adipisicing elit. Commodi totam explicabo temporibus asperiores optio maxime, et recusandae repellat omnis maiores cum praesentium corrupti magni assumenda quam ipsam dignissimos, sunt repellendus.', '30', 'Seat-Ibiza-SC-Trophy-729x486-ef27de2c11be4ee5.jpg', 'El Tor', '2017-05-01'),
(48, 23, 'Marcides', 'c180', 'white', 'Lorem ipsum dolor sit amet, consectetur adipisicing elit. Commodi totam explicabo temporibus asperiores optio maxime, et recusandae repellat omnis maiores cum praesentium corrupti magni assumenda quam ipsam dignissimos, sunt repellendus.', '50', 'seat-ibiza-5.jpg', 'El Qantara', '2017-05-01'),
(49, 23, 'BMW', '220', 'black', 'Lorem ipsum dolor sit amet, consectetur adipisicing elit. Commodi totam explicabo temporibus asperiores optio maxime, et recusandae repellat omnis maiores cum praesentium corrupti magni assumenda quam ipsam dignissimos, sunt repellendus.', '40', 'seat-ibiza-black-2.jpg', 'El Qantara', '2017-05-01'),
(50, 23, 'Elentra', 'verna', 'red', 'Lorem ipsum dolor sit amet, consectetur adipisicing elit. Commodi totam explicabo temporibus asperiores optio maxime, et recusandae repellat omnis maiores cum praesentium corrupti magni assumenda quam ipsam dignissimos, sunt repellendus.', '80', 'Seat-Ibiza-SC-Trophy-729x486-ef27de2c11be4ee5.jpg', 'El Qantara', '2017-05-01'),
(51, 23, 'Marcides', 'c180', 'white', 'Lorem ipsum dolor sit amet, consectetur adipisicing elit. Commodi totam explicabo temporibus asperiores optio maxime, et recusandae repellat omnis maiores cum praesentium corrupti magni assumenda quam ipsam dignissimos, sunt repellendus.', '50', 'seat-ibiza-5.jpg', 'El Shorouk', '2017-05-01'),
(52, 23, 'BMW', '220', 'black', 'Lorem ipsum dolor sit amet, consectetur adipisicing elit. Commodi totam explicabo temporibus asperiores optio maxime, et recusandae repellat omnis maiores cum praesentium corrupti magni assumenda quam ipsam dignissimos, sunt repellendus.', '40', 'seat-ibiza-black-2.jpg', 'El Shorouk', '2017-05-01'),
(53, 23, 'Elentra', 'verna', 'red', 'Lorem ipsum dolor sit amet, consectetur adipisicing elit. Commodi totam explicabo temporibus asperiores optio maxime, et recusandae repellat omnis maiores cum praesentium corrupti magni assumenda quam ipsam dignissimos, sunt repellendus.', '80', 'Seat-Ibiza-SC-Trophy-729x486-ef27de2c11be4ee5.jpg', 'El Shorouk', '2017-05-01'),
(54, 23, 'Marcides', 'c180', 'white', 'Lorem ipsum dolor sit amet, consectetur adipisicing elit. Commodi totam explicabo temporibus asperiores optio maxime, et recusandae repellat omnis maiores cum praesentium corrupti magni assumenda quam ipsam dignissimos, sunt repellendus.', '80', 'seat-ibiza-5.jpg', 'El Qanater El Khayreya', '2017-05-01'),
(55, 23, 'BMW', '220', 'black', 'Lorem ipsum dolor sit amet, consectetur adipisicing elit. Commodi totam explicabo temporibus asperiores optio maxime, et recusandae repellat omnis maiores cum praesentium corrupti magni assumenda quam ipsam dignissimos, sunt repellendus.', '50', 'seat-ibiza-black-2.jpg', 'El Qanater El Khayreya', '2017-05-01'),
(56, 23, 'Elentra', 'verna', 'red', 'Lorem ipsum dolor sit amet, consectetur adipisicing elit. Commodi totam explicabo temporibus asperiores optio maxime, et recusandae repellat omnis maiores cum praesentium corrupti magni assumenda quam ipsam dignissimos, sunt repellendus.', '30', 'Seat-Ibiza-SC-Trophy-729x486-ef27de2c11be4ee5.jpg', 'El Qanater El Khayreya', '2017-05-01'),
(57, 23, 'Marcides', 'c180', 'white', 'Lorem ipsum dolor sit amet, consectetur adipisicing elit. Commodi totam explicabo temporibus asperiores optio maxime, et recusandae repellat omnis maiores cum praesentium corrupti magni assumenda quam ipsam dignissimos, sunt repellendus.', '50', 'seat-ibiza-5.jpg', 'Faqous', '2017-05-01'),
(58, 23, 'BMW', '220', 'black', 'Lorem ipsum dolor sit amet, consectetur adipisicing elit. Commodi totam explicabo temporibus asperiores optio maxime, et recusandae repellat omnis maiores cum praesentium corrupti magni assumenda quam ipsam dignissimos, sunt repellendus.', '40', 'seat-ibiza-black-2.jpg', 'Faqous', '2017-05-01'),
(59, 23, 'Elentra', 'verna', 'red', 'Lorem ipsum dolor sit amet, consectetur adipisicing elit. Commodi totam explicabo temporibus asperiores optio maxime, et recusandae repellat omnis maiores cum praesentium corrupti magni assumenda quam ipsam dignissimos, sunt repellendus.', '80', 'Seat-Ibiza-SC-Trophy-729x486-ef27de2c11be4ee5.jpg', 'Faqous', '2017-05-01'),
(60, 39, 'Audi', 'R8', 'black', 'this is so good car and more optional ', '200$/day', 'seat-ibiza-black-2.jpg', 'Zagazig', '2017-05-02');

-- --------------------------------------------------------

--
-- Table structure for table `identity`
--

CREATE TABLE `identity` (
  `user_id` int(100) NOT NULL,
  `username` varchar(100) NOT NULL,
  `password` varchar(100) NOT NULL,
  `email` varchar(100) NOT NULL,
  `picture` varchar(5000) NOT NULL,
  `gendar` varchar(100) NOT NULL,
  `frist_name` varchar(100) NOT NULL,
  `last_name` varchar(100) NOT NULL,
  `authority` varchar(100) NOT NULL,
  `country` varchar(100) NOT NULL,
  `about` varchar(5000) NOT NULL,
  `intro` varchar(500) NOT NULL,
  `i_wish` varchar(5000) NOT NULL,
  `activities` varchar(5000) NOT NULL,
  `salary` varchar(500) NOT NULL,
  `birthdate` varchar(500) NOT NULL,
  `time` date NOT NULL
) ENGINE=InnoDB DEFAULT CHARSET=latin1;

--
-- Dumping data for table `identity`
--

INSERT INTO `identity` (`user_id`, `username`, `password`, `email`, `picture`, `gendar`, `frist_name`, `last_name`, `authority`, `country`, `about`, `intro`, `i_wish`, `activities`, `salary`, `birthdate`, `time`) VALUES
(16, 'osama rady', '7777', 'os@o.com', '62e7f5e895d6499c46ad488f69ecbe55mel.jpg', 'male', 'osama', 'rady', 'user', '10th of Ramadan', 'Lorem ipsum dolor sit amet, consectetur adipisicing elit. Commodi totam explicabo temporibus asperiores optio maxime, et recusandae repellat omnis maiores cum praesentium corrupti magni assumenda quam ipsam dignissimos, sunt repellendus.', 'Lorem ipsum dolor sit amet, consectetur adipisicing elit. Commodi totam explicabo temporibus asperiores optio maxime, et recusandae repellat omnis maiores cum praesentium corrupti magni assumenda quam ipsam dignissimos, sunt repellendus.', 'Lorem ipsum dolor sit amet, consectetur adipisicing elit. Commodi totam explicabo temporibus asperiores optio maxime, et recusandae repellat omnis maiores cum praesentium corrupti magni assumenda quam ipsam dignissimos, sunt repellendus.', 'travel', 'free', '1995-09-09', '2017-05-01'),
(17, 'yasmin niazy', '6666', 'omar', '616986_1357638778.jpg', 'female', 'yasmin', 'niazy', 'user', '10th of Ramadan', 'Lorem ipsum dolor sit amet, consectetur adipisicing elit. Commodi totam explicabo temporibus asperiores optio maxime, et recusandae repellat omnis maiores cum praesentium corrupti magni assumenda quam ipsam dignissimos, sunt repellendus.', 'Lorem ipsum dolor sit amet, consectetur adipisicing elit. Commodi totam explicabo temporibus asperiores optio maxime, et recusandae repellat omnis maiores cum praesentium corrupti magni assumenda quam ipsam dignissimos, sunt repellendus.', 'Lorem ipsum dolor sit amet, consectetur adipisicing elit. Commodi totam explicabo temporibus asperiores optio maxime, et recusandae repellat omnis maiores cum praesentium corrupti magni assumenda quam ipsam dignissimos, sunt repellendus.', 'travel', '10', '1996-06-27', '2017-05-01'),
(18, 'ibrahim', '00', 'ahmed', '11777035-a-young-european-male-model-posing-in-a-casual-tshirt.jpg', 'male', 'ibrahim', 'ahmed', 'user', '10th of Ramadan', 'Lorem ipsum dolor sit amet, consectetur adipisicing elit. Commodi totam explicabo temporibus asperiores optio maxime, et recusandae repellat omnis maiores cum praesentium corrupti magni assumenda quam ipsam dignissimos, sunt repellendus.', 'Lorem ipsum dolor sit amet, consectetur adipisicing elit. Commodi totam explicabo temporibus asperiores optio maxime, et recusandae repellat omnis maiores cum praesentium corrupti magni assumenda quam ipsam dignissimos, sunt repellendus.', 'Lorem ipsum dolor sit amet, consectetur adipisicing elit. Commodi totam explicabo temporibus asperiores optio maxime, et recusandae repellat omnis maiores cum praesentium corrupti magni assumenda quam ipsam dignissimos, sunt repellendus.', 'travel', '3', '1995-02-26', '2017-05-01'),
(20, 'tarek mohamed', '00', 'fdsfds', 'claudia-men--handsome--sexy-guy--ceca--sexy-eyes--stubble_large.jpg', 'male', 'tarek', 'mohamed', 'user', '6th of October', 'Lorem ipsum dolor sit amet, consectetur adipisicing elit. Commodi totam explicabo temporibus asperiores optio maxime, et recusandae repellat omnis maiores cum praesentium corrupti magni assumenda quam ipsam dignissimos, sunt repellendus.', 'Lorem ipsum dolor sit amet, consectetur adipisicing elit. Commodi totam explicabo temporibus asperiores optio maxime, et recusandae repellat omnis maiores cum praesentium corrupti magni assumenda quam ipsam dignissimos, sunt repellendus.', 'Lorem ipsum dolor sit amet, consectetur adipisicing elit. Commodi totam explicabo temporibus asperiores optio maxime, et recusandae repellat omnis maiores cum praesentium corrupti magni assumenda quam ipsam dignissimos, sunt repellendus.', 'travel', '20', '1994-05-17', '2017-05-01'),
(22, 'yousef ahmed', '00', 'omar', '-50Cent-50-cent-6446600-1280-1024.jpg', 'male', 'yousef', 'ahmed', 'user', '6th of October', 'Lorem ipsum dolor sit amet, consectetur adipisicing elit. Commodi totam explicabo temporibus asperiores optio maxime, et recusandae repellat omnis maiores cum praesentium corrupti magni assumenda quam ipsam dignissimos, sunt repellendus.', 'Lorem ipsum dolor sit amet, consectetur adipisicing elit. Commodi totam explicabo temporibus asperiores optio maxime, et recusandae repellat omnis maiores cum praesentium corrupti magni assumenda quam ipsam dignissimos, sunt repellendus.', 'Lorem ipsum dolor sit amet, consectetur adipisicing elit. Commodi totam explicabo temporibus asperiores optio maxime, et recusandae repellat omnis maiores cum praesentium corrupti magni assumenda quam ipsam dignissimos, sunt repellendus.', 'travel', '60', '1995-02-03', '2017-05-01'),
(23, 'admin', '1', 'admin', '', 'male', 'admin', 'admin', 'admin', 'Cairo', 'Lorem ipsum dolor sit amet, consectetur adipisicing elit. Commodi totam explicabo temporibus asperiores optio maxime, et recusandae repellat omnis maiores cum praesentium corrupti magni assumenda quam ipsam dignissimos, sunt repellendus.', 'Lorem ipsum dolor sit amet, consectetur adipisicing elit. Commodi totam explicabo temporibus asperiores optio maxime, et recusandae repellat omnis maiores cum praesentium corrupti magni assumenda quam ipsam dignissimos, sunt repellendus.', 'Lorem ipsum dolor sit amet, consectetur adipisicing elit. Commodi totam explicabo temporibus asperiores optio maxime, et recusandae repellat omnis maiores cum praesentium corrupti magni assumenda quam ipsam dignissimos, sunt repellendus.', 'sport', 'admin', '1982-06-15', '2017-05-01'),
(24, 'Aya ahmed ', '00', 'tt', 'Angelina_Jolie_53.jpg', 'female', 'Aya', 'ahmed ', 'user', '6th of October', 'Lorem ipsum dolor sit amet, consectetur adipisicing elit. Commodi totam explicabo temporibus asperiores optio maxime, et recusandae repellat omnis maiores cum praesentium corrupti magni assumenda quam ipsam dignissimos, sunt repellendus.', 'Lorem ipsum dolor sit amet, consectetur adipisicing elit. Commodi totam explicabo temporibus asperiores optio maxime, et recusandae repellat omnis maiores cum praesentium corrupti magni assumenda quam ipsam dignissimos, sunt repellendus.', 'Lorem ipsum dolor sit amet, consectetur adipisicing elit. Commodi totam explicabo temporibus asperiores optio maxime, et recusandae repellat omnis maiores cum praesentium corrupti magni assumenda quam ipsam dignissimos, sunt repellendus.', 'travel', '20', '1992-03-17', '2017-05-01'),
(25, 'osama rady', '7777', 'os@o.com', '62e7f5e895d6499c46ad488f69ecbe55mel.jpg', 'male', 'osama', 'rady', 'user', 'Alexandria', 'Lorem ipsum dolor sit amet, consectetur adipisicing elit. Commodi totam explicabo temporibus asperiores optio maxime, et recusandae repellat omnis maiores cum praesentium corrupti magni assumenda quam ipsam dignissimos, sunt repellendus.', 'Lorem ipsum dolor sit amet, consectetur adipisicing elit. Commodi totam explicabo temporibus asperiores optio maxime, et recusandae repellat omnis maiores cum praesentium corrupti magni assumenda quam ipsam dignissimos, sunt repellendus.', 'Lorem ipsum dolor sit amet, consectetur adipisicing elit. Commodi totam explicabo temporibus asperiores optio maxime, et recusandae repellat omnis maiores cum praesentium corrupti magni assumenda quam ipsam dignissimos, sunt repellendus.', 'travel', 'free', '1995-09-09', '2017-05-01'),
(26, 'yasmin niazy', '6666', 'omar', '616986_1357638778.jpg', 'female', 'yasmin', 'niazy', 'user', 'Alexandria', 'Lorem ipsum dolor sit amet, consectetur adipisicing elit. Commodi totam explicabo temporibus asperiores optio maxime, et recusandae repellat omnis maiores cum praesentium corrupti magni assumenda quam ipsam dignissimos, sunt repellendus.', 'Lorem ipsum dolor sit amet, consectetur adipisicing elit. Commodi totam explicabo temporibus asperiores optio maxime, et recusandae repellat omnis maiores cum praesentium corrupti magni assumenda quam ipsam dignissimos, sunt repellendus.', 'Lorem ipsum dolor sit amet, consectetur adipisicing elit. Commodi totam explicabo temporibus asperiores optio maxime, et recusandae repellat omnis maiores cum praesentium corrupti magni assumenda quam ipsam dignissimos, sunt repellendus.', 'travel', '10', '1996-06-27', '2017-05-01'),
(27, 'ibrahim', '00', 'ahmed', '11777035-a-young-european-male-model-posing-in-a-casual-tshirt.jpg', 'male', 'ibrahim', 'ahmed', 'user', 'Alexandria', 'Lorem ipsum dolor sit amet, consectetur adipisicing elit. Commodi totam explicabo temporibus asperiores optio maxime, et recusandae repellat omnis maiores cum praesentium corrupti magni assumenda quam ipsam dignissimos, sunt repellendus.', 'Lorem ipsum dolor sit amet, consectetur adipisicing elit. Commodi totam explicabo temporibus asperiores optio maxime, et recusandae repellat omnis maiores cum praesentium corrupti magni assumenda quam ipsam dignissimos, sunt repellendus.', 'Lorem ipsum dolor sit amet, consectetur adipisicing elit. Commodi totam explicabo temporibus asperiores optio maxime, et recusandae repellat omnis maiores cum praesentium corrupti magni assumenda quam ipsam dignissimos, sunt repellendus.', 'travel', '3', '1995-02-26', '2017-05-01'),
(28, 'tarek mohamed', '00', 'fdsfds', 'claudia-men--handsome--sexy-guy--ceca--sexy-eyes--stubble_large.jpg', 'male', 'tarek', 'mohamed', 'user', 'Aswan', 'Lorem ipsum dolor sit amet, consectetur adipisicing elit. Commodi totam explicabo temporibus asperiores optio maxime, et recusandae repellat omnis maiores cum praesentium corrupti magni assumenda quam ipsam dignissimos, sunt repellendus.', 'Lorem ipsum dolor sit amet, consectetur adipisicing elit. Commodi totam explicabo temporibus asperiores optio maxime, et recusandae repellat omnis maiores cum praesentium corrupti magni assumenda quam ipsam dignissimos, sunt repellendus.', 'Lorem ipsum dolor sit amet, consectetur adipisicing elit. Commodi totam explicabo temporibus asperiores optio maxime, et recusandae repellat omnis maiores cum praesentium corrupti magni assumenda quam ipsam dignissimos, sunt repellendus.', 'travel', '20', '1994-05-17', '2017-05-01'),
(29, 'yousef ahmed', '00', 'omar', '-50Cent-50-cent-6446600-1280-1024.jpg', 'male', 'yousef', 'ahmed', 'user', 'Aswan', 'Lorem ipsum dolor sit amet, consectetur adipisicing elit. Commodi totam explicabo temporibus asperiores optio maxime, et recusandae repellat omnis maiores cum praesentium corrupti magni assumenda quam ipsam dignissimos, sunt repellendus.', 'Lorem ipsum dolor sit amet, consectetur adipisicing elit. Commodi totam explicabo temporibus asperiores optio maxime, et recusandae repellat omnis maiores cum praesentium corrupti magni assumenda quam ipsam dignissimos, sunt repellendus.', 'Lorem ipsum dolor sit amet, consectetur adipisicing elit. Commodi totam explicabo temporibus asperiores optio maxime, et recusandae repellat omnis maiores cum praesentium corrupti magni assumenda quam ipsam dignissimos, sunt repellendus.', 'travel', '60', '1995-02-03', '2017-05-01'),
(30, 'Aya ahmed ', '00', 'tt', 'Angelina_Jolie_53.jpg', 'female', 'Aya', 'ahmed ', 'user', 'Aswan', 'Lorem ipsum dolor sit amet, consectetur adipisicing elit. Commodi totam explicabo temporibus asperiores optio maxime, et recusandae repellat omnis maiores cum praesentium corrupti magni assumenda quam ipsam dignissimos, sunt repellendus.', 'Lorem ipsum dolor sit amet, consectetur adipisicing elit. Commodi totam explicabo temporibus asperiores optio maxime, et recusandae repellat omnis maiores cum praesentium corrupti magni assumenda quam ipsam dignissimos, sunt repellendus.', 'Lorem ipsum dolor sit amet, consectetur adipisicing elit. Commodi totam explicabo temporibus asperiores optio maxime, et recusandae repellat omnis maiores cum praesentium corrupti magni assumenda quam ipsam dignissimos, sunt repellendus.', 'travel', '20', '1992-03-17', '2017-05-01'),
(32, 'osama rady', '7777', 'os@o.com', '62e7f5e895d6499c46ad488f69ecbe55mel.jpg', 'male', 'osama', 'rady', 'user', 'Asyut', 'Lorem ipsum dolor sit amet, consectetur adipisicing elit. Commodi totam explicabo temporibus asperiores optio maxime, et recusandae repellat omnis maiores cum praesentium corrupti magni assumenda quam ipsam dignissimos, sunt repellendus.', 'Lorem ipsum dolor sit amet, consectetur adipisicing elit. Commodi totam explicabo temporibus asperiores optio maxime, et recusandae repellat omnis maiores cum praesentium corrupti magni assumenda quam ipsam dignissimos, sunt repellendus.', 'Lorem ipsum dolor sit amet, consectetur adipisicing elit. Commodi totam explicabo temporibus asperiores optio maxime, et recusandae repellat omnis maiores cum praesentium corrupti magni assumenda quam ipsam dignissimos, sunt repellendus.', 'travel', 'free', '1995-09-09', '2017-05-01'),
(33, 'yasmin niazy', '6666', 'omar', '616986_1357638778.jpg', 'female', 'yasmin', 'niazy', 'user', 'Asyut', 'Lorem ipsum dolor sit amet, consectetur adipisicing elit. Commodi totam explicabo temporibus asperiores optio maxime, et recusandae repellat omnis maiores cum praesentium corrupti magni assumenda quam ipsam dignissimos, sunt repellendus.', 'Lorem ipsum dolor sit amet, consectetur adipisicing elit. Commodi totam explicabo temporibus asperiores optio maxime, et recusandae repellat omnis maiores cum praesentium corrupti magni assumenda quam ipsam dignissimos, sunt repellendus.', 'Lorem ipsum dolor sit amet, consectetur adipisicing elit. Commodi totam explicabo temporibus asperiores optio maxime, et recusandae repellat omnis maiores cum praesentium corrupti magni assumenda quam ipsam dignissimos, sunt repellendus.', 'travel', '10', '1996-06-27', '2017-05-01'),
(34, 'ibrahim', '00', 'ahmed', '11777035-a-young-european-male-model-posing-in-a-casual-tshirt.jpg', 'male', 'ibrahim', 'ahmed', 'user', 'Asyut', 'Lorem ipsum dolor sit amet, consectetur adipisicing elit. Commodi totam explicabo temporibus asperiores optio maxime, et recusandae repellat omnis maiores cum praesentium corrupti magni assumenda quam ipsam dignissimos, sunt repellendus.', 'Lorem ipsum dolor sit amet, consectetur adipisicing elit. Commodi totam explicabo temporibus asperiores optio maxime, et recusandae repellat omnis maiores cum praesentium corrupti magni assumenda quam ipsam dignissimos, sunt repellendus.', 'Lorem ipsum dolor sit amet, consectetur adipisicing elit. Commodi totam explicabo temporibus asperiores optio maxime, et recusandae repellat omnis maiores cum praesentium corrupti magni assumenda quam ipsam dignissimos, sunt repellendus.', 'travel', '3', '1995-02-26', '2017-05-01'),
(35, 'tarek mohamed', '00', 'fdsfds', 'claudia-men--handsome--sexy-guy--ceca--sexy-eyes--stubble_large.jpg', 'male', 'tarek', 'mohamed', 'user', 'Banha', 'Lorem ipsum dolor sit amet, consectetur adipisicing elit. Commodi totam explicabo temporibus asperiores optio maxime, et recusandae repellat omnis maiores cum praesentium corrupti magni assumenda quam ipsam dignissimos, sunt repellendus.', 'Lorem ipsum dolor sit amet, consectetur adipisicing elit. Commodi totam explicabo temporibus asperiores optio maxime, et recusandae repellat omnis maiores cum praesentium corrupti magni assumenda quam ipsam dignissimos, sunt repellendus.', 'Lorem ipsum dolor sit amet, consectetur adipisicing elit. Commodi totam explicabo temporibus asperiores optio maxime, et recusandae repellat omnis maiores cum praesentium corrupti magni assumenda quam ipsam dignissimos, sunt repellendus.', 'travel', '20', '1994-05-17', '2017-05-01'),
(36, 'yousef ahmed', '00', 'omar', '-50Cent-50-cent-6446600-1280-1024.jpg', 'male', 'yousef', 'ahmed', 'user', 'Banha', 'Lorem ipsum dolor sit amet, consectetur adipisicing elit. Commodi totam explicabo temporibus asperiores optio maxime, et recusandae repellat omnis maiores cum praesentium corrupti magni assumenda quam ipsam dignissimos, sunt repellendus.', 'Lorem ipsum dolor sit amet, consectetur adipisicing elit. Commodi totam explicabo temporibus asperiores optio maxime, et recusandae repellat omnis maiores cum praesentium corrupti magni assumenda quam ipsam dignissimos, sunt repellendus.', 'Lorem ipsum dolor sit amet, consectetur adipisicing elit. Commodi totam explicabo temporibus asperiores optio maxime, et recusandae repellat omnis maiores cum praesentium corrupti magni assumenda quam ipsam dignissimos, sunt repellendus.', 'travel', '60', '1995-02-03', '2017-05-01'),
(37, 'Aya ahmed ', '00', 'tt', 'Angelina_Jolie_53.jpg', 'female', 'Aya', 'ahmed ', 'user', 'Banha', 'Lorem ipsum dolor sit amet, consectetur adipisicing elit. Commodi totam explicabo temporibus asperiores optio maxime, et recusandae repellat omnis maiores cum praesentium corrupti magni assumenda quam ipsam dignissimos, sunt repellendus.', 'Lorem ipsum dolor sit amet, consectetur adipisicing elit. Commodi totam explicabo temporibus asperiores optio maxime, et recusandae repellat omnis maiores cum praesentium corrupti magni assumenda quam ipsam dignissimos, sunt repellendus.', 'Lorem ipsum dolor sit amet, consectetur adipisicing elit. Commodi totam explicabo temporibus asperiores optio maxime, et recusandae repellat omnis maiores cum praesentium corrupti magni assumenda quam ipsam dignissimos, sunt repellendus.', 'travel', '20', '1992-03-17', '2017-05-01'),
(38, 'osama rady', '7777', 'os@o.com', '62e7f5e895d6499c46ad488f69ecbe55mel.jpg', 'male', 'osama', 'rady', 'user', 'Cairo', 'Lorem ipsum dolor sit amet, consectetur adipisicing elit. Commodi totam explicabo temporibus asperiores optio maxime, et recusandae repellat omnis maiores cum praesentium corrupti magni assumenda quam ipsam dignissimos, sunt repellendus.', 'Lorem ipsum dolor sit amet, consectetur adipisicing elit. Commodi totam explicabo temporibus asperiores optio maxime, et recusandae repellat omnis maiores cum praesentium corrupti magni assumenda quam ipsam dignissimos, sunt repellendus.', 'Lorem ipsum dolor sit amet, consectetur adipisicing elit. Commodi totam explicabo temporibus asperiores optio maxime, et recusandae repellat omnis maiores cum praesentium corrupti magni assumenda quam ipsam dignissimos, sunt repellendus.', 'travel', 'free', '1995-09-09', '2017-05-01'),
(39, 'yasmin niazy', '6666', 'omar', '616986_1357638778.jpg', 'female', 'yasmin', 'niazy', 'user', 'Cairo', 'Lorem ipsum dolor sit amet, consectetur adipisicing elit. Commodi totam explicabo temporibus asperiores optio maxime, et recusandae repellat omnis maiores cum praesentium corrupti magni assumenda quam ipsam dignissimos, sunt repellendus.', 'Lorem ipsum dolor sit amet, consectetur adipisicing elit. Commodi totam explicabo temporibus asperiores optio maxime, et recusandae repellat omnis maiores cum praesentium corrupti magni assumenda quam ipsam dignissimos, sunt repellendus.', 'Lorem ipsum dolor sit amet, consectetur adipisicing elit. Commodi totam explicabo temporibus asperiores optio maxime, et recusandae repellat omnis maiores cum praesentium corrupti magni assumenda quam ipsam dignissimos, sunt repellendus.', 'travel', '10', '1996-06-27', '2017-05-01'),
(40, 'ibrahim', '00', 'ahmed', '11777035-a-young-european-male-model-posing-in-a-casual-tshirt.jpg', 'male', 'ibrahim', 'ahmed', 'user', 'Cairo', 'Lorem ipsum dolor sit amet, consectetur adipisicing elit. Commodi totam explicabo temporibus asperiores optio maxime, et recusandae repellat omnis maiores cum praesentium corrupti magni assumenda quam ipsam dignissimos, sunt repellendus.', 'Lorem ipsum dolor sit amet, consectetur adipisicing elit. Commodi totam explicabo temporibus asperiores optio maxime, et recusandae repellat omnis maiores cum praesentium corrupti magni assumenda quam ipsam dignissimos, sunt repellendus.', 'Lorem ipsum dolor sit amet, consectetur adipisicing elit. Commodi totam explicabo temporibus asperiores optio maxime, et recusandae repellat omnis maiores cum praesentium corrupti magni assumenda quam ipsam dignissimos, sunt repellendus.', 'travel', '3', '1995-02-26', '2017-05-01');

-- --------------------------------------------------------

--
-- Table structure for table `message`
--

CREATE TABLE `message` (
  `msg_id` int(100) NOT NULL,
  `msg_from` int(100) NOT NULL,
  `msg_to` int(100) NOT NULL,
  `message` varchar(5000) NOT NULL,
  `msg_date` date NOT NULL
) ENGINE=InnoDB DEFAULT CHARSET=latin1;

--
-- Dumping data for table `message`
--

INSERT INTO `message` (`msg_id`, `msg_from`, `msg_to`, `message`, `msg_date`) VALUES
(2, 39, 16, 'go', '2017-05-01');

-- --------------------------------------------------------

--
-- Table structure for table `place`
--

CREATE TABLE `place` (
  `place_id` int(100) NOT NULL,
  `leader` int(100) NOT NULL,
  `place_adderss` varchar(200) NOT NULL,
  `place_size` varchar(100) NOT NULL,
  `category` varchar(5000) NOT NULL,
  `place_picture` varchar(5000) NOT NULL,
  `place_details` varchar(5000) NOT NULL,
  `place_price` varchar(100) NOT NULL,
  `city` varchar(100) NOT NULL,
  `time` date NOT NULL
) ENGINE=InnoDB DEFAULT CHARSET=latin1;

--
-- Dumping data for table `place`
--

INSERT INTO `place` (`place_id`, `leader`, `place_adderss`, `place_size`, `category`, `place_picture`, `place_details`, `place_price`, `city`, `time`) VALUES
(6, 23, '10th first nieghborrhood', '40', 'room', '901101.jpg', 'Lorem ipsum dolor sit amet, consectetur adipisicing elit. Commodi totam explicabo temporibus asperiores optio maxime, et recusandae repellat omnis maiores cum praesentium corrupti magni assumenda quam ipsam dignissimos, sunt repellendus.', '50', '10th of Ramadan', '2017-05-01'),
(7, 23, '10th first nieghborrhood', '60', 'room', 'hotel-regina-superior-rooms-vienna.jpg', 'Lorem ipsum dolor sit amet, consectetur adipisicing elit. Commodi totam explicabo temporibus asperiores optio maxime, et recusandae repellat omnis maiores cum praesentium corrupti magni assumenda quam ipsam dignissimos, sunt repellendus.', '80', '10th of Ramadan', '2017-05-01'),
(8, 23, '10th first nieghborrhood', '180', 'complete flat', '5761e52bac710a39b7e002875db993f9.jpg', 'Lorem ipsum dolor sit amet, consectetur adipisicing elit. Commodi totam explicabo temporibus asperiores optio maxime, et recusandae repellat omnis maiores cum praesentium corrupti magni assumenda quam ipsam dignissimos, sunt repellendus.', '90', '10th of Ramadan', '2017-05-01'),
(9, 23, '10th first nieghborrhood', '40', 'room', 'tllax-rooms-lanai-king-2014-1680-945.jpg', 'Lorem ipsum dolor sit amet, consectetur adipisicing elit. Commodi totam explicabo temporibus asperiores optio maxime, et recusandae repellat omnis maiores cum praesentium corrupti magni assumenda quam ipsam dignissimos, sunt repellendus.', '90', '6th of October', '2017-05-01'),
(10, 23, '10th first nieghborrhood', '200', 'complete flat', '5761e52bac710a39b7e002875db993f9.jpg', 'Lorem ipsum dolor sit amet, consectetur adipisicing elit. Commodi totam explicabo temporibus asperiores optio maxime, et recusandae repellat omnis maiores cum praesentium corrupti magni assumenda quam ipsam dignissimos, sunt repellendus.', '600', '6th of October', '2017-05-01'),
(12, 23, '10th first nieghborrhood', '50', 'room', '901101.jpg', 'Lorem ipsum dolor sit amet, consectetur adipisicing elit. Commodi totam explicabo temporibus asperiores optio maxime, et recusandae repellat omnis maiores cum praesentium corrupti magni assumenda quam ipsam dignissimos, sunt repellendus.', '70', '6th of October', '2017-05-01'),
(13, 23, '10th first nieghborrhood', '40', 'room', '901101.jpg', 'Lorem ipsum dolor sit amet, consectetur adipisicing elit. Commodi totam explicabo temporibus asperiores optio maxime, et recusandae repellat omnis maiores cum praesentium corrupti magni assumenda quam ipsam dignissimos, sunt repellendus.', '50', 'Alexandria', '2017-05-01'),
(14, 23, '10th first nieghborrhood', '60', 'room', 'hotel-regina-superior-rooms-vienna.jpg', 'Lorem ipsum dolor sit amet, consectetur adipisicing elit. Commodi totam explicabo temporibus asperiores optio maxime, et recusandae repellat omnis maiores cum praesentium corrupti magni assumenda quam ipsam dignissimos, sunt repellendus.', '80', 'Alexandria', '2017-05-01'),
(15, 23, '10th first nieghborrhood', '180', 'complete flat', '5761e52bac710a39b7e002875db993f9.jpg', 'Lorem ipsum dolor sit amet, consectetur adipisicing elit. Commodi totam explicabo temporibus asperiores optio maxime, et recusandae repellat omnis maiores cum praesentium corrupti magni assumenda quam ipsam dignissimos, sunt repellendus.', '90', 'Alexandria', '2017-05-01'),
(16, 23, '10th first nieghborrhood', '40', 'room', 'tllax-rooms-lanai-king-2014-1680-945.jpg', 'Lorem ipsum dolor sit amet, consectetur adipisicing elit. Commodi totam explicabo temporibus asperiores optio maxime, et recusandae repellat omnis maiores cum praesentium corrupti magni assumenda quam ipsam dignissimos, sunt repellendus.', '90', 'Aswan', '2017-05-01'),
(17, 23, '10th first nieghborrhood', '200', 'complete flat', '5761e52bac710a39b7e002875db993f9.jpg', 'Lorem ipsum dolor sit amet, consectetur adipisicing elit. Commodi totam explicabo temporibus asperiores optio maxime, et recusandae repellat omnis maiores cum praesentium corrupti magni assumenda quam ipsam dignissimos, sunt repellendus.', '600', 'Aswan', '2017-05-01'),
(18, 23, '10th first nieghborrhood', '50', 'room', '901101.jpg', 'Lorem ipsum dolor sit amet, consectetur adipisicing elit. Commodi totam explicabo temporibus asperiores optio maxime, et recusandae repellat omnis maiores cum praesentium corrupti magni assumenda quam ipsam dignissimos, sunt repellendus.', '70', 'Aswan', '2017-05-01'),
(19, 23, '10th first nieghborrhood', '40', 'room', '901101.jpg', 'Lorem ipsum dolor sit amet, consectetur adipisicing elit. Commodi totam explicabo temporibus asperiores optio maxime, et recusandae repellat omnis maiores cum praesentium corrupti magni assumenda quam ipsam dignissimos, sunt repellendus.', '50', 'Asyut', '2017-05-01'),
(20, 23, '10th first nieghborrhood', '60', 'room', 'hotel-regina-superior-rooms-vienna.jpg', 'Lorem ipsum dolor sit amet, consectetur adipisicing elit. Commodi totam explicabo temporibus asperiores optio maxime, et recusandae repellat omnis maiores cum praesentium corrupti magni assumenda quam ipsam dignissimos, sunt repellendus.', '80', 'Asyut', '2017-05-01'),
(21, 23, '10th first nieghborrhood', '180', 'complete flat', '5761e52bac710a39b7e002875db993f9.jpg', 'Lorem ipsum dolor sit amet, consectetur adipisicing elit. Commodi totam explicabo temporibus asperiores optio maxime, et recusandae repellat omnis maiores cum praesentium corrupti magni assumenda quam ipsam dignissimos, sunt repellendus.', '90', 'Asyut', '2017-05-01'),
(22, 23, '10th first nieghborrhood', '40', 'room', 'tllax-rooms-lanai-king-2014-1680-945.jpg', 'Lorem ipsum dolor sit amet, consectetur adipisicing elit. Commodi totam explicabo temporibus asperiores optio maxime, et recusandae repellat omnis maiores cum praesentium corrupti magni assumenda quam ipsam dignissimos, sunt repellendus.', '90', 'Banha', '2017-05-01'),
(23, 23, '10th first nieghborrhood', '200', 'complete flat', '5761e52bac710a39b7e002875db993f9.jpg', 'Lorem ipsum dolor sit amet, consectetur adipisicing elit. Commodi totam explicabo temporibus asperiores optio maxime, et recusandae repellat omnis maiores cum praesentium corrupti magni assumenda quam ipsam dignissimos, sunt repellendus.', '600', 'Banha', '2017-05-01'),
(24, 23, '10th first nieghborrhood', '50', 'room', '901101.jpg', 'Lorem ipsum dolor sit amet, consectetur adipisicing elit. Commodi totam explicabo temporibus asperiores optio maxime, et recusandae repellat omnis maiores cum praesentium corrupti magni assumenda quam ipsam dignissimos, sunt repellendus.', '70', 'Banha', '2017-05-01'),
(25, 23, '10th first nieghborrhood', '40', 'room', '901101.jpg', 'Lorem ipsum dolor sit amet, consectetur adipisicing elit. Commodi totam explicabo temporibus asperiores optio maxime, et recusandae repellat omnis maiores cum praesentium corrupti magni assumenda quam ipsam dignissimos, sunt repellendus.', '50', 'Cairo', '2017-05-01'),
(26, 23, '10th first nieghborrhood', '60', 'room', 'hotel-regina-superior-rooms-vienna.jpg', 'Lorem ipsum dolor sit amet, consectetur adipisicing elit. Commodi totam explicabo temporibus asperiores optio maxime, et recusandae repellat omnis maiores cum praesentium corrupti magni assumenda quam ipsam dignissimos, sunt repellendus.', '80', 'Cairo', '2017-05-01'),
(27, 23, '10th first nieghborrhood', '180', 'complete flat', '5761e52bac710a39b7e002875db993f9.jpg', 'Lorem ipsum dolor sit amet, consectetur adipisicing elit. Commodi totam explicabo temporibus asperiores optio maxime, et recusandae repellat omnis maiores cum praesentium corrupti magni assumenda quam ipsam dignissimos, sunt repellendus.', '90', 'Cairo', '2017-05-01');

-- --------------------------------------------------------

--
-- Table structure for table `trips`
--

CREATE TABLE `trips` (
  `trip_id` int(100) NOT NULL,
  `leader` int(100) NOT NULL,
  `trip_place` varchar(100) NOT NULL,
  `trip_img` varchar(5000) NOT NULL,
  `date_from` varchar(100) NOT NULL,
  `date_to` varchar(100) NOT NULL,
  `duration` varchar(100) NOT NULL,
  `no_people` varchar(100) NOT NULL,
  `trip_details` varchar(5000) NOT NULL,
  `city` varchar(100) NOT NULL,
  `time` date NOT NULL
) ENGINE=InnoDB DEFAULT CHARSET=latin1;

--
-- Dumping data for table `trips`
--

INSERT INTO `trips` (`trip_id`, `leader`, `trip_place`, `trip_img`, `date_from`, `date_to`, `duration`, `no_people`, `trip_details`, `city`, `time`) VALUES
(9, 23, 'cairo', 'earth_water_045.jpg', '2017-05-02', '2017-05-04', '2', 'Two people', 'Lorem ipsum dolor sit amet, consectetur adipisicing elit. Commodi totam explicabo temporibus asperiores optio maxime, et recusandae repellat omnis maiores cum praesentium corrupti magni assumenda quam ipsam dignissimos, sunt repellendus.', '10th of Ramadan', '2017-05-01'),
(10, 23, 'alex', 'earth_water_007.jpg', '2017-05-02', '2017-05-10', '2', 'Two people', 'Lorem ipsum dolor sit amet, consectetur adipisicing elit. Commodi totam explicabo temporibus asperiores optio maxime, et recusandae repellat omnis maiores cum praesentium corrupti magni assumenda quam ipsam dignissimos, sunt repellendus.', '10th of Ramadan', '2017-05-01'),
(13, 23, 'faioum', 'earth_water_005.jpg', '2017-05-02', '2017-05-08', '2', 'More than three', 'Lorem ipsum dolor sit amet, consectetur adipisicing elit. Commodi totam explicabo temporibus asperiores optio maxime, et recusandae repellat omnis maiores cum praesentium corrupti magni assumenda quam ipsam dignissimos, sunt repellendus.', '10th of Ramadan', '2017-05-01'),
(14, 23, 'cairo', 'earth_water_006.jpg', '2017-05-02', '2017-05-03', '2', 'Two people', 'Lorem ipsum dolor sit amet, consectetur adipisicing elit. Commodi totam explicabo temporibus asperiores optio maxime, et recusandae repellat omnis maiores cum praesentium corrupti magni assumenda quam ipsam dignissimos, sunt repellendus.', '6th of October', '2017-05-01'),
(15, 23, 'alex', 'earth_water_004.jpg', '2017-05-03', '2017-05-04', '6', 'three people', 'Lorem ipsum dolor sit amet, consectetur adipisicing elit. Commodi totam explicabo temporibus asperiores optio maxime, et recusandae repellat omnis maiores cum praesentium corrupti magni assumenda quam ipsam dignissimos, sunt repellendus.', '6th of October', '2017-05-01'),
(16, 23, 'faioum', 'earth_water_007.jpg', '2017-05-03', '2017-05-14', '9', 'More than three', 'Lorem ipsum dolor sit amet, consectetur adipisicing elit. Commodi totam explicabo temporibus asperiores optio maxime, et recusandae repellat omnis maiores cum praesentium corrupti magni assumenda quam ipsam dignissimos, sunt repellendus.', '6th of October', '2017-05-01'),
(17, 23, 'cairo', 'earth_water_045.jpg', '2017-05-02', '2017-05-04', '2', 'Two people', 'Lorem ipsum dolor sit amet, consectetur adipisicing elit. Commodi totam explicabo temporibus asperiores optio maxime, et recusandae repellat omnis maiores cum praesentium corrupti magni assumenda quam ipsam dignissimos, sunt repellendus.', 'Alexandria', '2017-05-01'),
(18, 23, 'alex', 'earth_water_007.jpg', '2017-05-02', '2017-05-10', '2', 'Two people', 'Lorem ipsum dolor sit amet, consectetur adipisicing elit. Commodi totam explicabo temporibus asperiores optio maxime, et recusandae repellat omnis maiores cum praesentium corrupti magni assumenda quam ipsam dignissimos, sunt repellendus.', 'Alexandria', '2017-05-01'),
(19, 23, 'faioum', 'earth_water_005.jpg', '2017-05-02', '2017-05-08', '2', 'More than three', 'Lorem ipsum dolor sit amet, consectetur adipisicing elit. Commodi totam explicabo temporibus asperiores optio maxime, et recusandae repellat omnis maiores cum praesentium corrupti magni assumenda quam ipsam dignissimos, sunt repellendus.', 'Alexandria', '2017-05-01'),
(20, 23, 'cairo', 'earth_water_006.jpg', '2017-05-02', '2017-05-03', '2', 'Two people', 'Lorem ipsum dolor sit amet, consectetur adipisicing elit. Commodi totam explicabo temporibus asperiores optio maxime, et recusandae repellat omnis maiores cum praesentium corrupti magni assumenda quam ipsam dignissimos, sunt repellendus.', 'Aswan', '2017-05-01'),
(21, 23, 'alex', 'earth_water_004.jpg', '2017-05-03', '2017-05-04', '6', 'three people', 'Lorem ipsum dolor sit amet, consectetur adipisicing elit. Commodi totam explicabo temporibus asperiores optio maxime, et recusandae repellat omnis maiores cum praesentium corrupti magni assumenda quam ipsam dignissimos, sunt repellendus.', 'Aswan', '2017-05-01'),
(22, 23, 'faioum', 'earth_water_007.jpg', '2017-05-03', '2017-05-14', '9', 'More than three', 'Lorem ipsum dolor sit amet, consectetur adipisicing elit. Commodi totam explicabo temporibus asperiores optio maxime, et recusandae repellat omnis maiores cum praesentium corrupti magni assumenda quam ipsam dignissimos, sunt repellendus.', 'Aswan', '2017-05-01'),
(23, 23, 'cairo', 'earth_water_045.jpg', '2017-05-02', '2017-05-04', '2', 'Two people', 'Lorem ipsum dolor sit amet, consectetur adipisicing elit. Commodi totam explicabo temporibus asperiores optio maxime, et recusandae repellat omnis maiores cum praesentium corrupti magni assumenda quam ipsam dignissimos, sunt repellendus.', 'Asyut', '2017-05-01'),
(24, 23, 'alex', 'earth_water_007.jpg', '2017-05-02', '2017-05-10', '2', 'Two people', 'Lorem ipsum dolor sit amet, consectetur adipisicing elit. Commodi totam explicabo temporibus asperiores optio maxime, et recusandae repellat omnis maiores cum praesentium corrupti magni assumenda quam ipsam dignissimos, sunt repellendus.', 'Asyut', '2017-05-01'),
(25, 23, 'faioum', 'earth_water_005.jpg', '2017-05-02', '2017-05-08', '2', 'More than three', 'Lorem ipsum dolor sit amet, consectetur adipisicing elit. Commodi totam explicabo temporibus asperiores optio maxime, et recusandae repellat omnis maiores cum praesentium corrupti magni assumenda quam ipsam dignissimos, sunt repellendus.', 'Asyut', '2017-05-01'),
(26, 23, 'cairo', 'earth_water_006.jpg', '2017-05-02', '2017-05-03', '2', 'Two people', 'Lorem ipsum dolor sit amet, consectetur adipisicing elit. Commodi totam explicabo temporibus asperiores optio maxime, et recusandae repellat omnis maiores cum praesentium corrupti magni assumenda quam ipsam dignissimos, sunt repellendus.', 'Banha', '2017-05-01'),
(27, 23, 'alex', 'earth_water_004.jpg', '2017-05-03', '2017-05-04', '6', 'three people', 'Lorem ipsum dolor sit amet, consectetur adipisicing elit. Commodi totam explicabo temporibus asperiores optio maxime, et recusandae repellat omnis maiores cum praesentium corrupti magni assumenda quam ipsam dignissimos, sunt repellendus.', 'Banha', '2017-05-01'),
(28, 23, 'faioum', 'earth_water_007.jpg', '2017-05-03', '2017-05-14', '9', 'More than three', 'Lorem ipsum dolor sit amet, consectetur adipisicing elit. Commodi totam explicabo temporibus asperiores optio maxime, et recusandae repellat omnis maiores cum praesentium corrupti magni assumenda quam ipsam dignissimos, sunt repellendus.', 'Banha', '2017-05-01'),
(29, 23, 'cairo', 'earth_water_045.jpg', '2017-05-02', '2017-05-04', '2', 'Two people', 'Lorem ipsum dolor sit amet, consectetur adipisicing elit. Commodi totam explicabo temporibus asperiores optio maxime, et recusandae repellat omnis maiores cum praesentium corrupti magni assumenda quam ipsam dignissimos, sunt repellendus.', 'Cairo', '2017-05-01'),
(30, 23, 'alex', 'earth_water_007.jpg', '2017-05-02', '2017-05-10', '2', 'Two people', 'Lorem ipsum dolor sit amet, consectetur adipisicing elit. Commodi totam explicabo temporibus asperiores optio maxime, et recusandae repellat omnis maiores cum praesentium corrupti magni assumenda quam ipsam dignissimos, sunt repellendus.', 'Cairo', '2017-05-01'),
(31, 23, 'faioum', 'earth_water_005.jpg', '2017-05-02', '2017-05-08', '2', 'More than three', 'Lorem ipsum dolor sit amet, consectetur adipisicing elit. Commodi totam explicabo temporibus asperiores optio maxime, et recusandae repellat omnis maiores cum praesentium corrupti magni assumenda quam ipsam dignissimos, sunt repellendus.', 'Cairo', '2017-05-01');

--
-- Indexes for dumped tables
--

--
-- Indexes for table `car`
--
ALTER TABLE `car`
  ADD PRIMARY KEY (`car_id`),
  ADD KEY `owner` (`owner`);

--
-- Indexes for table `identity`
--
ALTER TABLE `identity`
  ADD PRIMARY KEY (`user_id`);

--
-- Indexes for table `message`
--
ALTER TABLE `message`
  ADD PRIMARY KEY (`msg_id`),
  ADD KEY `from` (`msg_from`),
  ADD KEY `to` (`msg_to`);

--
-- Indexes for table `place`
--
ALTER TABLE `place`
  ADD PRIMARY KEY (`place_id`),
  ADD KEY `leader` (`leader`);

--
-- Indexes for table `trips`
--
ALTER TABLE `trips`
  ADD PRIMARY KEY (`trip_id`),
  ADD KEY `leader` (`leader`);

--
-- AUTO_INCREMENT for dumped tables
--

--
-- AUTO_INCREMENT for table `car`
--
ALTER TABLE `car`
  MODIFY `car_id` int(100) NOT NULL AUTO_INCREMENT, AUTO_INCREMENT=61;
--
-- AUTO_INCREMENT for table `identity`
--
ALTER TABLE `identity`
  MODIFY `user_id` int(100) NOT NULL AUTO_INCREMENT, AUTO_INCREMENT=41;
--
-- AUTO_INCREMENT for table `message`
--
ALTER TABLE `message`
  MODIFY `msg_id` int(100) NOT NULL AUTO_INCREMENT, AUTO_INCREMENT=3;
--
-- AUTO_INCREMENT for table `place`
--
ALTER TABLE `place`
  MODIFY `place_id` int(100) NOT NULL AUTO_INCREMENT, AUTO_INCREMENT=28;
--
-- AUTO_INCREMENT for table `trips`
--
ALTER TABLE `trips`
  MODIFY `trip_id` int(100) NOT NULL AUTO_INCREMENT, AUTO_INCREMENT=32;
--
-- Constraints for dumped tables
--

--
-- Constraints for table `car`
--
ALTER TABLE `car`
  ADD CONSTRAINT `access` FOREIGN KEY (`owner`) REFERENCES `identity` (`user_id`) ON DELETE CASCADE ON UPDATE CASCADE;

--
-- Constraints for table `message`
--
ALTER TABLE `message`
  ADD CONSTRAINT `from` FOREIGN KEY (`msg_from`) REFERENCES `identity` (`user_id`) ON DELETE CASCADE ON UPDATE CASCADE,
  ADD CONSTRAINT `to` FOREIGN KEY (`msg_to`) REFERENCES `identity` (`user_id`) ON DELETE CASCADE ON UPDATE CASCADE;

--
-- Constraints for table `place`
--
ALTER TABLE `place`
  ADD CONSTRAINT `leaderaccess` FOREIGN KEY (`leader`) REFERENCES `identity` (`user_id`) ON DELETE CASCADE ON UPDATE CASCADE;

--
-- Constraints for table `trips`
--
ALTER TABLE `trips`
  ADD CONSTRAINT `owneraccess` FOREIGN KEY (`leader`) REFERENCES `identity` (`user_id`) ON DELETE CASCADE ON UPDATE CASCADE;

/*!40101 SET CHARACTER_SET_CLIENT=@OLD_CHARACTER_SET_CLIENT */;
/*!40101 SET CHARACTER_SET_RESULTS=@OLD_CHARACTER_SET_RESULTS */;
/*!40101 SET COLLATION_CONNECTION=@OLD_COLLATION_CONNECTION */;
